,,,Salary,Salary,Salary,Salary,Salary,Salary,,
Rk,Player,Tm,2015-16,2016-17,2017-18,2018-19,2019-20,2020-21,Signed Using,Guaranteed
1,Kobe Bryant,Los Angeles Lakers,25000000,,,,,,Bird Rights,25000000
2,Joe Johnson,Brooklyn Nets,24894863,,,,,,,25309344
3,LeBron James,Cleveland Cavaliers,22971000,24004000,,,,,Cap Space,22971000
4,Carmelo Anthony,New York Knicks,22875000,24559380,26243760,27928140,,,Bird Rights,73678140
5,Dwight Howard,Houston Rockets,22359364,23282457,,,,,Cap Space,22359364
6,Chris Bosh,Miami Heat,22192730,23741060,25289390,26837720,,,Bird Rights,98060900
7,Chris Paul,Los Angeles Clippers,21468696,22868828,24268960,,,,Bird Rights,44337524
8,Kevin Durant,Oklahoma City Thunder,20158622,,,,,,Bird Rights,20158622
9,Derrick Rose,Chicago Bulls,20093063,21323250,,,,,Bird Rights,41416313
10,Dwyane Wade,Miami Heat,20000000,,,,,,Bird Rights,20000000
11,Brook Lopez,Brooklyn Nets,20000000,21000000,22000000,,,,Bird Rights,63000000
12,Marc Gasol,Memphis Grizzlies,19700000,21200000,22600000,24100000,25600000,,Bird Rights,87600000
13,LaMarcus Aldridge,San Antonio Spurs,19500000,20500000,21500000,22500000,,,Cap Space,61500000
14,DeAndre Jordan,Los Angeles Clippers,19500000,21500000,22500000,24000000,,,Bird Rights,63500000
15,Kevin Love,Cleveland Cavaliers,19500000,21500000,22500000,24000000,25500000,,Bird Rights,113000000
16,Paul Millsap,Atlanta Hawks,19000000,20000000,21000000,,,,Bird Rights,39000000
17,Blake Griffin,Los Angeles Clippers,18907725,20140838,21373950,,,,Bird Rights,60422513
18,Paul George,Indiana Pacers,17120106,18314532,19508958,20703384,,,1st Round Pick,54943596
19,Russell Westbrook,Oklahoma City Thunder,16744218,17769374,,,,,Bird Rights,34513592
20,Kawhi Leonard,San Antonio Spurs,16500000,17500000,19000000,20000000,21000000,,Bird Rights,73000000
,,,Salary,Salary,Salary,Salary,Salary,Salary,,
Rk,Player,Tm,2015-16,2016-17,2017-18,2018-19,2019-20,2020-21,Signed Using,Guaranteed
21,Enes Kanter,Oklahoma City Thunder,16400000,17100000,17900000,18600000,,,Bird Rights,51400000
22,Greg Monroe,Milwaukee Bucks,16400000,17100000,17900000,,,,Cap Space,33500000
23,Wesley Matthews,Dallas Mavericks,16400000,17100000,17900000,18600000,,,Cap Space,70000000
24,Tobias Harris,Detroit Pistons,16000000,17000000,16000000,15000000,,,Bird Rights,64000000
25,John Wall,Washington Wizards,15851950,16957900,18063850,19169800,,,1st Round Pick,70043500
26,James Harden,Houston Rockets,15756438,16784031,17811625,,,,Bird Rights,41446282
27,Eric Gordon,New Orleans Pelicans,15514031,,,,,,Bird Rights,15514031
28,Roy Hibbert,Los Angeles Lakers,15500000,,,,,,Bird Rights,15500000
29,Klay Thompson,GolDenver Nuggets State Warriors,15500000,16662500,17825500,18987500,,,1st Round Pick,68975500
30,David Lee,Boston Celtics,15493680,,,,,,,15493680
31,Gordon Hayward,Utah Jazz,15409570,16073140,16736710,,,,Bird Rights,31482710
32,Chandler Parsons,Dallas Mavericks,15361500,16023000,,,,,Cap Space,15361500
33,Jimmy Butler,Chicago Bulls,15260000,16400000,17545000,18690000,19840000,,Bird Rights,67895000
34,Khris Middleton,Milwaukee Bucks,15000000,15000000,14000000,13000000,13000000,,Bird Rights,57000000
35,Goran Dragic,Miami Heat,14780000,15890000,17000000,18110000,19220000,,Bird Rights,65780000
36,Kyrie Irving,Cleveland Cavaliers,14746000,15851950,16957900,18063850,19169800,,Early Bird Rights,65619700
37,DeMarcus Cousins,Sacramento Kings,14728844,15756438,16784031,,,,1st Round Pick,47269313
38,Draymond Green,GolDenver Nuggets State Warriors,14300000,15300000,16400000,17500000,18500000,,Bird Rights,82000000
39,Tristan Thompson,Cleveland Cavaliers,14260870,15330435,16400000,17469565,18539130,,Bird Rights,82000000
40,Reggie Jackson,Detroit Pistons,14000000,15000000,16000000,17000000,18000000,,Bird Rights,80000000
,,,Salary,Salary,Salary,Salary,Salary,Salary,,
Rk,Player,Tm,2015-16,2016-17,2017-18,2018-19,2019-20,2020-21,Signed Using,Guaranteed
41,Danilo Gallinari,Denver Nuggets,14000000,15500000,16000000,,,,,29500000
42,Al Jefferson,Charlotte Hornets,13833333,,,,,,Cap Space,13833333
43,DeMarre Carroll,Toronto Raptors,13500000,14000000,15000000,15500000,,,Cap Space,58000000
44,Tony Parker,San Antonio Spurs,13437500,14445313,15453126,,,,Bird Rights,43335939
45,Joakim Noah,Chicago Bulls,13400000,,,,,,Bird Rights,13400000
46,Eric Bledsoe,Phoenix Suns,13086957,14000001,14913045,15826089,,,Bird Rights,57826092
47,Nene Hilario,Washington Wizards,13000000,,,,,,Bird Rights,13000000
48,Tyson Chandler,Phoenix Suns,13000000,13000000,13000000,13000000,,,Cap Space,52000000
49,Robin Lopez,New York Knicks,13000000,13500000,14000000,14500000,,,Cap Space,55000000
50,Ty Lawson,Houston Rockets,12404495,,,,,,,12404495
51,Rudy Gay,Sacramento Kings,12403101,13333333,14263566,,,,Bird Rights,25736434
52,Ricky Rubio,Minnesota Timberwolves,12365000,13292375,14219750,15147125,,,1st Round Pick,55024250
53,Serge Ibaka,Oklahoma City Thunder,12350000,12350000,,,,,Bird Rights,24500000
54,Nicolas Batum,Charlotte Hornets,12235750,,,,,,Bird Rights,11860750
55,Nikola Pekovic,Minnesota Timberwolves,12100000,12100000,11600000,,,,Bird Rights,35800000
56,Kyle Lowry,Toronto Raptors,12000000,12000000,12000000,,,,Bird Rights,24000000
57,Brandon Knight,Phoenix Suns,12000000,13000000,14000000,15000000,16000000,,,70000000
58,JaVale McGee,Philadelphia 76ers,12000000,,,,,,,12000000
59,Andrew Bogut,GolDenver Nuggets State Warriors,12000000,11027027,,,,,Bird Rights,23027027
60,Kemba Walker,Charlotte Hornets,12000000,12000000,12000000,12000000,,,1st Round Pick,48000000
,,,Salary,Salary,Salary,Salary,Salary,Salary,,
Rk,Player,Tm,2015-16,2016-17,2017-18,2018-19,2019-20,2020-21,Signed Using,Guaranteed
61,Amir Johnson,Boston Celtics,12000000,12000000,,,,,Cap Space,12000000
62,Al Horford,Atlanta Hawks,12000000,,,,,,Bird Rights,12000000
63,Derrick Favors,Utah Jazz,11933333,10983333,11933333,,,,1st Round Pick,34300000
64,Andre Iguodala,GolDenver Nuggets State Warriors,11710456,11131368,,,,,Bird Rights,22841824
65,Stephen Curry,GolDenver Nuggets State Warriors,11370786,12112359,,,,,Bird Rights,23483145
66,Nikola Vucevic,Orlando Magic,11250000,11750000,12250000,12750000,,,Bird Rights,48000000
67,Kenneth Faried,Denver Nuggets,11235955,12078652,12921348,13764045,,,1st Round Pick,50000000
68,Tyreke Evans,New Orleans Pelicans,11227000,11690500,,,,,Bird Rights,22917500
69,Marcin Gortat,Washington Wizards,11217391,12000000,12782609,13565218,,,Bird Rights,49565218
70,Thaddeus Young,Brooklyn Nets,11200000,12100000,12900000,13800000,,,Bird Rights,36200000
71,Omer Asik,New Orleans Pelicans,11000000,11000000,11000000,11000000,14000000,,Bird Rights,44000000
72,Jrue Holiday,New Orleans Pelicans,10595507,11286518,,,,,Bird Rights,21882025
73,Wilson Chandler,Denver Nuggets,10500000,11200000,12000000,12800000,,,,46500000
74,Monta Ellis,Indiana Pacers,10300000,10770000,11230000,11700000,,,Cap Space,32300000
75,Luol Deng,Miami Heat,10151612,,,,,,Cap Space,10151612
76,Gerald Wallace,Philadelphia 76ers,10105855,,,,,,,10105855
77,Danny Green,San Antonio Spurs,10000000,10000000,10000000,10000000,,,Bird Rights,30000000
78,Zach Randolph,Memphis Grizzlies,9638555,10361445,,,,,Bird Rights,20000000
79,Anderson Varejao,Portland Trail Blazers,9638554,10361446,10000000,,,,,19000000
80,Mike Conley,Memphis Grizzlies,9588426,,,,,,Cap Space,9388426
,,,Salary,Salary,Salary,Salary,Salary,Salary,,
Rk,Player,Tm,2015-16,2016-17,2017-18,2018-19,2019-20,2020-21,Signed Using,Guaranteed
81,DeMar DeRozan,Toronto Raptors,9500000,9500000,,,,,Bird Rights,9500000
82,Rajon Rondo,Sacramento Kings,9500000,,,,,,,9500000
83,Alec Burks,Utah Jazz,9213484,9904495,10595506,11286515,,,1st Round Pick,41000000
84,Jeff Green,Los Angeles Clippers,9200000,,,,,,Bird Rights,9200000
85,Lance Stephenson,Memphis Grizzlies,9000000,9400000,,,,,Cap Space,9000000
86,Iman Shumpert,Cleveland Cavaliers,9000000,9700000,10300000,11000000,,,Bird Rights,40000000
87,Ryan Anderson,New Orleans Pelicans,8500000,,,,,,Bird Rights,8500000
88,Kevin Garnett,Minnesota Timberwolves,8500000,8000000,,,,,Bird Rights,16500000
89,Taj Gibson,Chicago Bulls,8500000,8950000,,,,,Bird Rights,17450000
90,Tiago Splitter,Atlanta Hawks,8500000,8250000,,,,,Bird Rights,16750000
91,Brandon Jennings,Orlando Magic,8344497,,,,,,Bird Rights,8344497
92,Dirk Nowitzki,Dallas Mavericks,8333334,8692184,,,,,Cap Space,8333334
93,Corey Brewer,Houston Rockets,8200000,7600000,7600000,,,,Cap Space,23400000
94,Trevor Ariza,Houston Rockets,8193030,7806971,7420912,,,,Bird Rights,23420913
95,Markieff Morris,Washington Wizards,8000000,8000000,8000000,8000000,,,Bird Rights,32000000
96,Arron Afflalo,New York Knicks,8000000,8000000,,,,,Cap Space,8000000
97,O.J. Mayo,Milwaukee Bucks,8000000,,,,,,Cap Space,8000000
98,George Hill,Indiana Pacers,8000000,8000000,,,,,Bird Rights,16000000
99,Jeff Teague,Atlanta Hawks,8000000,8000000,,,,,Bird Rights,16000000
100,Ersan Ilyasova,Orlando Magic,7900000,8400000,,,,,Bird Rights,8300000
,,,Salary,Salary,Salary,Salary,Salary,Salary,,
Rk,Player,Tm,2015-16,2016-17,2017-18,2018-19,2019-20,2020-21,Signed Using,Guaranteed
101,Channing Frye,Cleveland Cavaliers,7807579,7456238,,,,,Cap Space,15263817
102,Avery Bradley,Boston Celtics,7730337,8269663,8808989,,,,Bird Rights,24808989
103,Kosta Koufos,Sacramento Kings,7500000,8000000,8500000,9000000,,,Cap Space,24000000
104,Al-Farouq Aminu,Portland Trail Blazers,7500000,7500000,7500000,7500000,,,Cap Space,30000000
105,Pau Gasol,Chicago Bulls,7448760,7769520,,,,,Cap Space,7448760
106,Jose Calderon,New York Knicks,7402812,7708427,,,,,Cap Space,15111239
107,Kevin Martin,Minnesota Timberwolves,7085000,,,,,,,7085000
108,Anthony Davis,New Orleans Pelicans,7070730,21000000,22500000,24000000,25000000,,1st Round Pick,126570730
109,Cory Joseph,Toronto Raptors,7000000,7330000,7660000,8000000,,,Cap Space,21990000
110,Boris Diaw,San Antonio Spurs,7000000,6500000,7000000,,,,Bird Rights,10000000
111,Ed Davis,Portland Trail Blazers,7000000,7000000,7000000,,,,Cap Space,21000000
112,Lou Williams,Los Angeles Lakers,7000000,7000000,7000000,,,,Cap Space,21000000
113,Marvin Williams,Charlotte Hornets,7000000,,,,,,,7000000
114,Isaiah Thomas,Boston Celtics,6912869,6587132,6261395,,,,,19761396
115,J.J. Redick,Los Angeles Clippers,6867000,7150500,,,,,Bird Rights,14017500
116,Greivis Vasquez,Milwaukee Bucks,6600000,,,,,,Bird Rights,6600000
117,Carl Landry,Philadelphia 76ers,6500000,6500000,,,,,Cap Space,13000000
118,Rodney Stuckey,Indiana Pacers,6500000,7000000,7500000,,,,Cap Space,13500000
119,Patrick Beverley,Houston Rockets,6500000,6000000,5500000,5000000,,,Bird Rights,18000000
120,Aron Baynes,Detroit Pistons,6500000,6500000,6500000,,,,Cap Space,13000000
,,,Salary,Salary,Salary,Salary,Salary,Salary,,
Rk,Player,Tm,2015-16,2016-17,2017-18,2018-19,2019-20,2020-21,Signed Using,Guaranteed
121,Jason Thompson,GolDenver Nuggets State Warriors,6431250,6825000,,,,,,9410205
122,Marco Belinelli,Sacramento Kings,6333333,6333333,6333333,,,,Cap Space,18999999
123,Michael Kidd-Gilchrist,Charlotte Hornets,6331404,13000000,13000000,13000000,13000000,,1st Round Pick,45331404
124,Jarrett Jack,Brooklyn Nets,6300000,6300000,,,,,Cap Space,6800000
125,Jodie Meeks,Detroit Pistons,6270000,6540000,,,,,Cap Space,12810000
126,Patrick Patterson,Toronto Raptors,6268675,6050000,,,,,Bird Rights,12318675
127,Gerald Henderson,Portland Trail Blazers,6000000,,,,,,Bird Rights,6000000
128,Jae Crowder,Boston Celtics,6000000,6500000,7000000,7500000,8000000,,Bird Rights,35000000
129,Andrew Wiggins,Minnesota Timberwolves,5758680,6006600,7574322,,,,1st Round Pick,11765280
130,Kyle Korver,Atlanta Hawks,5746479,5239437,,,,,Bird Rights,10985916
131,Karl-Anthony Towns,Minnesota Timberwolves,5703600,5960160,6216840,7839435,,,1st round pick,11663760
132,Bradley Beal,Washington Wizards,5694674,,,,,,1st Round Pick,5694674
133,Jamal Crawford,Los Angeles Clippers,5675000,,,,,,MLE,5675000
134,Courtney Lee,Charlotte Hornets,5675000,,,,,,Bird Rights,5675000
135,Martell Webster,Washington Wizards,5613500,830000,830000,830000,,,,8103500
136,J.J. Hickson,Denver Nuggets,5613500,,,,,,,5613500
137,Josh McRoberts,Miami Heat,5543725,5782450,6021175,,,,MLE,11326175
138,Shaun Livingston,GolDenver Nuggets State Warriors,5543725,5782450,,,,,MLE,8543725
139,Spencer Hawes,Charlotte Hornets,5543725,5782450,6021175,,,,MLE,11326175
140,Nikola Mirotic,Chicago Bulls,5543725,5782450,,,,,Cap Space,11326175
,,,Salary,Salary,Salary,Salary,Salary,Salary,,
Rk,Player,Tm,2015-16,2016-17,2017-18,2018-19,2019-20,2020-21,Signed Using,Guaranteed
141,P.J. Tucker,Phoenix Suns,5500000,5300000,,,,,Cap Space,7000000
142,Mirza Teletovic,Phoenix Suns,5500000,,,,,,Cap Space,5500000
143,Brandan Wright,Memphis Grizzlies,5500000,5700000,6000000,,,,MLE,17200000
144,Deron Williams,Dallas Mavericks,5500000,5500000,,,,,Cap Space,5500000
145,Deron Williams,Brooklyn Nets,5500000,5500000,5500000,5500000,5500000,,,27500000
146,Josh Smith,Detroit Pistons,5400000,5400000,5400000,5400000,5400000,,,27000000
147,Nick Young,Los Angeles Lakers,5219169,5443918,5668667,,,,Cap Space,16331754
148,Zaza Pachulia,Dallas Mavericks,5200000,,,,,,Cap Space,5200000
149,Victor Oladipo,Orlando Magic,5192520,6552960,,,,,1st Round Pick,11745480
150,Tony Allen,Memphis Grizzlies,5168539,5505618,,,,,Bird Rights,10674157
151,Jabari Parker,Milwaukee Bucks,5152440,5374320,6782392,,,,1st Round Pick,10526760
152,Dion Waiters,Oklahoma City Thunder,5138430,,,,,,1st Round Pick,5138430
153,D'Angelo Russell,Los Angeles Lakers,5103120,5332800,5562360,7019698,,,1st round pick,10435920
154,Darren Collison,Sacramento Kings,5013559,5229454,,,,,MLE,10243013
155,Tim Duncan,San Antonio Spurs,5000000,5500000,,,,,Bird Rights,5000000
156,Chris Kaman,Portland Trail Blazers,5000000,,,,,,MLE,5000000
157,C.J. Watson,Orlando Magic,5000000,5000000,5000000,,,,Cap Space,11000000
158,Kyle Singler,Oklahoma City Thunder,5000000,5000000,5000000,5000000,5000000,,Bird Rights,20000000
159,Chris Andersen,Memphis Grizzlies,5000000,,,,,,Cap Space,5000000
160,Chase Budinger,Indiana Pacers,5000000,,,,,,,5000000
,,,Salary,Salary,Salary,Salary,Salary,Salary,,
Rk,Player,Tm,2015-16,2016-17,2017-18,2018-19,2019-20,2020-21,Signed Using,Guaranteed
161,Marcus Morris,Detroit Pistons,5000000,5000000,5000000,5000000,,,Bird Rights,20000000
162,J.R. Smith,Cleveland Cavaliers,5000000,5000000,,,,,Minimum Salary,5000000
163,Jonas Jerebko,Boston Celtics,5000000,5000000,,,,,Bird Rights,5000000
164,Timofey Mozgov,Cleveland Cavaliers,4950000,,,,,,Bird Rights,4950000
165,Derrick Williams,New York Knicks,4900000,5100000,,,,,Cap Space,4900000
166,Trevor Booker,Utah Jazz,4775000,,,,,,Cap Space,4775000
167,Otto Porter,Washington Wizards,4662960,5893981,,,,,1st Round Pick,10556941
168,Jonas Valanciunas,Toronto Raptors,4660482,14382022,15460675,16539326,17617977,,1st Round Pick,51042505
169,Joel Embiid,Philadelphia 76ers,4626960,4826160,6100266,,,,1st Round Pick,9453120
170,Kris Humphries,Phoenix Suns,4600000,4600000,,,,,,4988025
171,Jahlil Okafor,Philadelphia 76ers,4582680,4788840,4995120,6313832,,,1st round pick,9371520
172,Jameer Nelson,Denver Nuggets,4500000,4500000,4500000,,,,Cap Space,13500000
173,Mike Dunleavy,Chicago Bulls,4500000,4800000,5100000,,,,Early Bird Rights,14400000
174,C.J. Miles,Indiana Pacers,4394225,4583450,4772675,,,,MLE,8977675
175,Jason Smith,Orlando Magic,4300000,,,,,,Cap Space,4300000
176,Alexis Ajinca,New Orleans Pelicans,4300000,4600000,4900000,5300000,,,Early Bird Rights,19100000
177,Mario Chalmers,Memphis Grizzlies,4300000,,,,,,,4300000
178,Jared Dudley,Washington Wizards,4250000,,,,,,Bird Rights,4250000
179,Damian Lillard,Portland Trail Blazers,4236287,21000000,22500000,24000000,25500000,,1st Round Pick,124236287
180,Cody Zeller,Charlotte Hornets,4204200,5318313,,,,,1st Round Pick,9522513
,,,Salary,Salary,Salary,Salary,Salary,Salary,,
Rk,Player,Tm,2015-16,2016-17,2017-18,2018-19,2019-20,2020-21,Signed Using,Guaranteed
181,Aaron Gordon,Orlando Magic,4171680,4351320,5504420,,,,1st Round Pick,8523000
182,Kristaps Porzingis,New York Knicks,4131720,4317720,4503600,5697054,,,1st round pick,8449440
183,Vince Carter,Memphis Grizzlies,4088091,4264057,,,,,,6088091
184,Devin Harris,Dallas Mavericks,4053000,4228000,4403000,,,,Cap Space,12684000
185,Alan Anderson,Washington Wizards,4000000,,,,,,MLE,4000000
186,Nemanja Bjelica,Minnesota Timberwolves,4000000,4000000,4000000,,,,MLE,12000000
187,Jordan Hill,Indiana Pacers,4000000,,,,,,Cap Space,4000000
188,Ian Mahinmi,Indiana Pacers,4000000,,,,,,Early Bird Rights,4000000
189,J.J. Barea,Dallas Mavericks,4000000,4000000,4000000,4000000,,,Cap Space,16000000
190,Thabo Sefolosha,Atlanta Hawks,4000000,3850000,,,,,,7850000
191,Raymond Felton,Dallas Mavericks,3950313,,,,,,Cap Space,3950313
192,Harrison Barnes,GolDenver Nuggets State Warriors,3873398,,,,,,1st Round Pick,3873398
193,Marreese Speights,GolDenver Nuggets State Warriors,3815000,,,,,,MLE,3815000
194,Alex Len,Phoenix Suns,3807120,4823621,,,,,1st Round Pick,8630741
195,Dante Exum,Utah Jazz,3777720,3940320,4992385,,,,1st Round Pick,7718040
196,Nick Collison,Oklahoma City Thunder,3750000,3750000,,,,,Bird Rights,7500000
197,Kyle O'Quinn,New York Knicks,3750000,3900000,4100000,4250000,,,Bird Rights,11750000
198,Steve Novak,Denver Nuggets,3750000,,,,,,,4166886
199,Mario Hezonja,Orlando Magic,3741480,3909840,4078320,5167231,,,1st round pick,7651320
200,Lavoy Allen,Indiana Pacers,3700000,4000000,4300000,,,,,7700000
,,,Salary,Salary,Salary,Salary,Salary,Salary,,
Rk,Player,Tm,2015-16,2016-17,2017-18,2018-19,2019-20,2020-21,Signed Using,Guaranteed
201,Anthony Bennett,Minnesota Timberwolves,3650000,,,,,,,3650000
202,Patrick Mills,San Antonio Spurs,3578947,3578948,,,,,Bird Rights,7157895
203,Terrence Ross,Toronto Raptors,3553917,10500000,10500000,10500000,,,Rookie scale extension,35053917
204,Matt Barnes,Memphis Grizzlies,3542500,,,,,,MLE,3542500
205,Nerlens Noel,Philadelphia 76ers,3457800,4384490,,,,,1st Round Pick,7842290
206,Marcus Smart,Boston Celtics,3431040,3578880,4538020,,,,1st Round Pick,7009920
207,Bojan Bogdanovic,Brooklyn Nets,3425510,3573020,,,,,MLE,6998530
208,Evan Turner,Boston Celtics,3425510,,,,,,MLE,3425510
209,Paul Pierce,Los Angeles Clippers,3400000,3500000,3700000,,,,Mini MLE,10600000
210,Willie Cauley-Stein,Sacramento Kings,3398280,3551160,3704160,4696875,,,1st round pick,6949440
211,Quincy Pondexter,New Orleans Pelicans,3382023,3617978,3853931,,,,1st Round Pick,10853932
212,Anthony Morrow,Oklahoma City Thunder,3344000,3488000,,,,,Cap Space,3344000
213,K.J. McDaniels,Houston Rockets,3333333,3333333,3333334,,,,Mid-level exception,10000000
214,Will Barton,Denver Nuggets,3333333,3666666,3999999,,,,Bird Rights,10999998
215,Mike Scott,Atlanta Hawks,3333333,3333334,,,,,,3333333
216,Drew Gooden,Washington Wizards,3300000,3600000,,,,,Non Bird Rights,3300000
217,Andre Drummond,Detroit Pistons,3272091,,,,,,1st Round Pick,3272091
218,Randy Foye,Oklahoma City Thunder,3270000,,,,,,Non Bird Rights,3270000
219,Ben McLemore,Sacramento Kings,3156600,4008882,,,,,1st Round Pick,7165482
220,Julius Randle,Los Angeles Lakers,3132240,3267120,4149242,,,,1st Round Pick,6399360
,,,Salary,Salary,Salary,Salary,Salary,Salary,,
Rk,Player,Tm,2015-16,2016-17,2017-18,2018-19,2019-20,2020-21,Signed Using,Guaranteed
221,Emmanuel Mudiay,Denver Nuggets,3102240,3241800,3381480,4294480,,,1st round pick,6344040
222,Austin Rivers,Los Angeles Clippers,3100000,3300000,,,,,Non Bird Rights,3100000
223,Meyers Leonard,Portland Trail Blazers,3075880,,,,,,1st Round Pick,3075880
224,Norris Cole,New Orleans Pelicans,3036927,,,,,,Qualifying Offer,3036927
225,Jeremy Lamb,Charlotte Hornets,3034356,7000000,7000000,7000000,,,Rookie scale extension,24034356
226,Tibor Pleiss,Utah Jazz,3000000,3000000,3000000,,,,Cap Space,6000000
227,Bismack Biyombo,Toronto Raptors,3000000,3000000,,,,,Mini MLE,6000000
228,Luis Scola,Toronto Raptors,3000000,,,,,,,3000000
229,Omri Casspi,Sacramento Kings,3000000,3000000,,,,,Room Exception,6000000
230,Furkan Aldemir,Philadelphia 76ers,3000000,,,,,,,3000000
231,Dante Cunningham,New Orleans Pelicans,3000000,3000000,3000000,,,,MLE,6000000
232,Jerryd Bayless,Milwaukee Bucks,3000000,,,,,,Cap Space,3000000
233,Brandon Bass,Los Angeles Lakers,3000000,3000000,,,,,Cap Space,3000000
234,Anthony Tolliver,Detroit Pistons,3000000,,,,,,Cap Space,3000000
235,D.J. Augustin,Denver Nuggets,3000000,,,,,,,3000000
236,John Henson,Milwaukee Bucks,2943221,9500000,10500000,11500000,12500000,,1st Round Pick,46943221
237,Maurice Harkless,Portland Trail Blazers,2894059,,,,,,1st Round Pick,2894059
238,Kentavious Caldwell-Pope,Detroit Pistons,2891760,3678319,,,,,1st Round Pick,6570079
239,Kirk Hinrich,Atlanta Hawks,2870000,,,,,,Room Exception,2870000
240,Nik Stauskas,Philadelphia 76ers,2869440,2993040,3807146,,,,1st Round Pick,5862480
,,,Salary,Salary,Salary,Salary,Salary,Salary,,
Rk,Player,Tm,2015-16,2016-17,2017-18,2018-19,2019-20,2020-21,Signed Using,Guaranteed
241,Mike Miller,Portland Trail Blazers,2854940,,,,,,,4354127
242,Brian Roberts,Portland Trail Blazers,2854940,,,,,,Room Exception,2854940
243,Udonis Haslem,Miami Heat,2854940,,,,,,MLE,2854940
244,Stanley Johnson,Detroit Pistons,2841960,2969880,3097800,3940402,,,1st round pick,5811840
245,Manu Ginobili,San Antonio Spurs,2814000,2940630,,,,,Room Exception,2814000
246,Darrell Arthur,Denver Nuggets,2814000,2940630,,,,,Room Exception,2814000
247,Sonny Weems,Philadelphia 76ers,2800000,2900000,,,,,,2800000
248,Kevin Seraphin,New York Knicks,2800000,,,,,,Room Exception,2800000
249,Trey Burke,Utah Jazz,2658240,3386598,,,,,1st Round Pick,6044838
250,Noah Vonleh,Portland Trail Blazers,2637720,2751360,3505233,,,,1st Round Pick,5389080
251,Tyler Zeller,Boston Celtics,2616975,,,,,,1st Round Pick,2616975
252,Frank Kaminsky,Charlotte Hornets,2612500,2730000,2847600,3627842,,,1st round pick,5342500
253,C.J. McCollum,Portland Trail Blazers,2525160,3219579,,,,,1st Round Pick,5744739
254,Elfrid Payton,Orlando Magic,2505720,2613600,3332340,,,,1st Round Pick,5119320
255,James Johnson,Toronto Raptors,2500000,,,,,,Cap Space,2500000
256,Leandro Barbosa,GolDenver Nuggets State Warriors,2500000,,,,,,Mini MLE,2500000
257,Joel Anthony,Detroit Pistons,2500000,2500000,,,,,Cap Space,2500000
258,Terrence Jones,Houston Rockets,2489530,,,,,,1st Round Pick,2489530
259,Justise Winslow,Miami Heat,2481720,2593440,2705040,3448926,,,1st round pick,5075160
260,Shelvin Mack,Utah Jazz,2433333,2433334,,,,,Cap Space,2433333
,,,Salary,Salary,Salary,Salary,Salary,Salary,,
Rk,Player,Tm,2015-16,2016-17,2017-18,2018-19,2019-20,2020-21,Signed Using,Guaranteed
261,Michael Carter-Williams,Milwaukee Bucks,2399040,3183526,,,,,1st Round Pick,5582566
262,Andrew Nicholson,Orlando Magic,2380594,,,,,,1st Round Pick,2380594
263,Doug McDermott,Chicago Bulls,2380440,2483040,3294994,,,,1st Round Pick,4863480
264,Myles Turner,Indiana Pacers,2357760,2463840,2569920,3410284,,,1st round pick,4821600
265,Evan Fournier,Orlando Magic,2288205,,,,,,1st Round Pick,2288205
266,Donatas Motiejunas,Houston Rockets,2288205,,,,,,1st Round Pick,2288205
267,Steven Adams,Oklahoma City Thunder,2279040,3140517,,,,,1st Round Pick,5419557
268,Jared Sullinger,Boston Celtics,2269260,,,,,,1st Round Pick,2269260
269,Joe Ingles,Utah Jazz,2250000,2250000,,,,,Cap Space,4500000
270,Trey Lyles,Utah Jazz,2239800,2340600,2441400,3364249,,,1st round pick,4580400
271,Tony Wroten,Philadelphia 76ers,2179354,,,,,,,2179354
272,Ramon Sessions,Washington Wizards,2170465,,,,,,BAE,2170465
273,Beno Udrih,Miami Heat,2170465,,,,,,,2170465
274,Danny Granger,Detroit Pistons,2170465,,,,,,,2170465
275,Steve Blake,Detroit Pistons,2170465,,,,,,BAE,2170465
276,Larry Sanders,Milwaukee Bucks,2170000,2170000,2170000,2170000,2170000,,,15190000
277,Kelly Olynyk,Boston Celtics,2165160,3094014,,,,,1st Round Pick,5259174
278,Zach LaVine,Minnesota Timberwolves,2148360,2240880,3202217,,,,1st Round Pick,4389240
279,Kendall Marshall,Philadelphia 76ers,2144722,2048257,1951743,1855228,,,Minimum Salary,2144722
280,Devin Booker,Phoenix Suns,2127840,2223600,2319360,3314365,,,1st round pick,4351440
,,,Salary,Salary,Salary,Salary,Salary,Salary,,
Rk,Player,Tm,2015-16,2016-17,2017-18,2018-19,2019-20,2020-21,Signed Using,Guaranteed
281,Miles Plumlee,Milwaukee Bucks,2109294,,,,,,1st Round Pick,2109294
282,David Lee,Dallas Mavericks,2102224,,,,,,MLE,2102224
283,Gary Neal,Washington Wizards,2100000,,,,,,,2100000
284,Mo Williams,Cleveland Cavaliers,2100000,2200000,,,,,Mini MLE,2100000
285,Jeremy Lin,Charlotte Hornets,2100000,2200000,,,,,BAE,2100000
286,Shabazz Muhammad,Minnesota Timberwolves,2056920,3046299,,,,,1st Round Pick,5103219
287,Zoran Dragic,Boston Celtics,2050397,,,,,,,2050397
288,T.J. Warren,Phoenix Suns,2041080,2128920,3152931,,,,1st Round Pick,4170000
289,Perry Jones,Boston Celtics,2038206,,,,,,,2038206
290,Cameron Payne,Oklahoma City Thunder,2021520,2112480,2203440,3263295,,,1st round pick,4134000
291,Festus Ezeli,GolDenver Nuggets State Warriors,2008748,,,,,,1st Round Pick,2008748
292,DeJuan Blair,Phoenix Suns,2000000,2000000,,,,,,2000000
293,Aaron Brooks,Chicago Bulls,2000000,,,,,,Mini MLE,2000000
294,Kent Bazemore,Atlanta Hawks,2000000,,,,,,,2000000
295,Giannis Antetokounmpo,Milwaukee Bucks,1953960,2995421,,,,,1st Round Pick,4949381
296,Adreian Payne,Minnesota Timberwolves,1938840,2022240,3100094,,,,1st Round Pick,3961080
297,Kelly Oubre,Washington Wizards,1920240,2006640,2093040,3208630,,,1st round pick,3926880
298,Lucas Nogueira,Toronto Raptors,1842000,1921320,2947305,,,,1st Round Pick,3763320
299,Jusuf Nurkic,Denver Nuggets,1842000,1921320,2947305,,,,1st Round Pick,3763320
300,Terry Rozier,Boston Celtics,1824360,1906440,1988520,3050390,,,1st round pick,3730800
,,,Salary,Salary,Salary,Salary,Salary,Salary,,
Rk,Player,Tm,2015-16,2016-17,2017-18,2018-19,2019-20,2020-21,Signed Using,Guaranteed
301,Dennis Schroder,Atlanta Hawks,1763400,2708582,,,,,1st Round Pick,4471982
302,James Young,Boston Celtics,1749840,1825200,2803507,,,,1st Round Pick,3575040
303,Rashad Vaughn,Milwaukee Bucks,1733040,1811040,1889040,2901565,,,,3544080
304,Ryan Kelly,Los Angeles Lakers,1724250,,,,,,Room Exception,1724250
305,Joffrey Lauvergne,Denver Nuggets,1709720,1709720,2136475,,,,MLE,1709720
306,Tyler Ennis,Milwaukee Bucks,1662360,1733880,2666707,,,,1st Round Pick,3396240
307,Lou Amundson,New York Knicks,1650000,,,,,,,1650000
308,Lance Thomas,New York Knicks,1650000,,,,,,Cap Space,1650000
309,Sam Dekker,Houston Rockets,1646400,1720560,1794600,2760095,,,1st Round pick,3366960
310,Sergey Karasev,Brooklyn Nets,1599840,,,,,,1st Round Pick,1599840
311,Gary Harris,Denver Nuggets,1587480,1655880,2550055,,,,1st Round Pick,3243360
312,Jerian Grant,New York Knicks,1572360,1643040,1713840,2639314,,,1st Round pick,3215400
313,Tony Snell,Chicago Bulls,1535880,2368327,,,,,1st Round Pick,3904207
314,Bruno Caboclo,Toronto Raptors,1524000,1589640,2451225,,,,1st Round Pick,3113640
315,Delon Wright,Toronto Raptors,1509360,1577280,1645200,2536898,,,1st Round pick,3086640
316,Wayne Ellington,Brooklyn Nets,1500000,1500000,,,,,Mini MLE,1500000
317,Shane Larkin,Brooklyn Nets,1500000,1500000,,,,,Mini MLE,3000000
318,Kendrick Perkins,New Orleans Pelicans,1499200,,,,,,Minimum Salary,1499200
319,Rasual Butler,San Antonio Spurs,1499187,,,,,,,1499187
320,Matt Bonner,San Antonio Spurs,1499187,,,,,,Minimum Salary,1499187
,,,Salary,Salary,Salary,Salary,Salary,Salary,,
Rk,Player,Tm,2015-16,2016-17,2017-18,2018-19,2019-20,2020-21,Signed Using,Guaranteed
321,Caron Butler,Sacramento Kings,1499187,1551659,,,,,Minimum Salary,1499187
322,Ronnie Price,Phoenix Suns,1499187,,,,,,Minimum Salary,1499187
323,Andre Miller,Minnesota Timberwolves,1499187,,,,,,,1499187
324,Tayshaun Prince,Minnesota Timberwolves,1499187,,,,,,Minimum Salary,1499187
325,Amar'e Stoudemire,Miami Heat,1499187,,,,,,Minimum Salary,1499187
326,Metta World Peace,Los Angeles Lakers,1499187,,,,,,Minimum Salary,1499187
327,Jason Terry,Houston Rockets,1499187,,,,,,Minimum Salary,1499187
328,Mike Miller,Denver Nuggets,1499187,,,,,,Minimum Salary,1499187
329,Samuel Dalembert,Dallas Mavericks,1499187,,,,,,,1499187
330,Charlie Villanueva,Dallas Mavericks,1499187,,,,,,Minimum Salary,1499187
331,David West,San Antonio Spurs,1499000,1552000,,,,,Minimum Salary,1499000
332,Josh Smith,Houston Rockets,1499000,,,,,,Minimum Salary,1499000
333,Richard Jefferson,Cleveland Cavaliers,1499000,,,,,,Minimum Salary,1499000
334,James Jones,Cleveland Cavaliers,1499000,,,,,,Minimum Salary,1499000
335,Gorgui Dieng,Minnesota Timberwolves,1474440,2348783,,,,,1st Round Pick,3823223
336,Mitch McGary,Oklahoma City Thunder,1463040,1526040,2430981,,,,1st Round Pick,2989080
337,Justin Anderson,Dallas Mavericks,1449000,1514160,1579440,2516048,,,1st Round pick,2963160
338,Mason Plumlee,Portland Trail Blazers,1415520,2328530,,,,,1st Round Pick,3744050
339,Jordan Adams,Memphis Grizzlies,1404600,1465080,2410057,,,,1st Round Pick,2869680
340,Bobby Portis,Chicago Bulls,1391160,1453680,1516320,2494346,,,1st Round pick,2844840
,,,Salary,Salary,Salary,Salary,Salary,Salary,,
Rk,Player,Tm,2015-16,2016-17,2017-18,2018-19,2019-20,2020-21,Signed Using,Guaranteed
341,Alonzo Gee,New Orleans Pelicans,1375000,1375000,,,,,,1375000
342,Andrea Bargnani,Brooklyn Nets,1362900,1551660,,,,,,1362900
343,Solomon Hill,Indiana Pacers,1358880,,,,,,1st Round Pick,1358880
344,Sasha Vujacic,New York Knicks,1356146,,,,,,Minimum Salary,1356146
345,Gerald Green,Miami Heat,1356000,,,,,,Minimum Salary,1356000
346,Rodney Hood,Utah Jazz,1348440,1406520,2386864,,,,1st Round Pick,2754960
347,Rondae Hollis-Jefferson,Brooklyn Nets,1335480,1395600,1455720,2470357,,,1st Round pick,2731080
348,Tim Hardaway,Atlanta Hawks,1304520,2281605,,,,,1st Round Pick,3586125
349,Nikola Jokic,Denver Nuggets,1300000,1350000,1400000,1450000,,,,4050000
350,Sasha Kaun,Cleveland Cavaliers,1300000,1300000,,,,,,2600000
351,Shabazz Napier,Orlando Magic,1294440,1350120,2361360,,,,1st Round Pick,2644560
352,Tyus Jones,Minnesota Timberwolves,1282080,1339680,1397400,2444053,,,1st Round pick,2621760
353,Luc Mbah a Moute,Los Angeles Clippers,1270964,,,,,,Minimum Salary,1270964
354,Brandon Rush,GolDenver Nuggets State Warriors,1270964,,,,,,Minimum Salary,1270964
355,Cartier Martin,Detroit Pistons,1270964,,,,,,,1270964
356,JaVale McGee,Dallas Mavericks,1270964,1403611,,,,,Bird Rights,750000
357,Reggie Bullock,Detroit Pistons,1252440,2255644,,,,,1st Round Pick,3508084
358,Clint Capela,Houston Rockets,1242720,1296240,2334520,,,,1st Round Pick,2538960
359,Jarell Martin,Memphis Grizzlies,1230840,1286160,1341600,2516222,,,1st Round pick,2517000
360,Andre Roberson,Oklahoma City Thunder,1210800,2183072,,,,,1st Round Pick,3393872
,,,Salary,Salary,Salary,Salary,Salary,Salary,,
Rk,Player,Tm,2015-16,2016-17,2017-18,2018-19,2019-20,2020-21,Signed Using,Guaranteed
361,P.J. Hairston,Memphis Grizzlies,1201440,,,,,,1st Round Pick,1201440
362,Boban Marjanovic,San Antonio Spurs,1200000,,,,,,Cap Space,1200000
363,Jordan Mickey,Boston Celtics,1200000,1200000,1200000,1200000,,,,2400000
364,Marcus Thornton,Houston Rockets,1186000,,,,,,,1186000
365,Tyler Hansbrough,Charlotte Hornets,1185784,,,,,,Minimum Salary,1185784
366,Rudy Gobert,Utah Jazz,1175880,2121288,,,,,1st Round Pick,3297168
367,Toney Douglas,New Orleans Pelicans,1164858,1315448,,,,,Minimum Salary,1164858
368,Archie Goodwin,Phoenix Suns,1160160,2094089,,,,,1st Round Pick,3254249
369,C.J. Wilcox,Los Angeles Clippers,1159680,1209680,2183328,,,,1st Round Pick,2369360
370,Larry Nance Jr.,Los Angeles Lakers,1155600,1207680,1259640,2272391,,,1st Round pick,2363280
371,Damjan Rudez,Minnesota Timberwolves,1149500,1199000,,,,,MLE,1149500
372,R.J. Hunter,Boston Celtics,1148640,1200240,1251960,2259788,,,1st Round pick,2348880
373,Matthew Dellavedova,Cleveland Cavaliers,1147280,,,,,,,1147280
374,Kyle Anderson,San Antonio Spurs,1142879,1192080,2151704,,,,1st Round Pick,2334959
375,Josh Huestis,Oklahoma City Thunder,1140240,1191480,1242840,2243326,,,,2331720
376,Chris McCullough,Brooklyn Nets,1140240,1191480,1242840,2243326,,,1st Round pick,2331720
377,Kevon Looney,GolDenver Nuggets State Warriors,1131960,1182840,1233840,2227081,,,1st Round pick,2314800
378,Garrett Temple,Washington Wizards,1100602,,,,,,Minimum Salary,1100602
379,Ish Smith,Philadelphia 76ers,1100602,,,,,,,
380,Jeremy Evans,Dallas Mavericks,1100602,1227286,,,,,Early Bird Rights,2327888
,,,Salary,Salary,Salary,Salary,Salary,Salary,,
Rk,Player,Tm,2015-16,2016-17,2017-18,2018-19,2019-20,2020-21,Signed Using,Guaranteed
381,Wesley Johnson,Los Angeles Clippers,1100600,1227300,,,,,Minimum Salary,1100600
382,Cole Aldrich,Los Angeles Clippers,1100600,1227290,,,,,Minimum Salary,1100600
383,Chris Copeland,Orlando Magic,1100000,,,,,,,1100000
384,Luke Babbitt,New Orleans Pelicans,1100000,1227000,,,,,Minimum Salary,2327000
385,Richaun Holmes,Philadelphia 76ers,1050000,1050000,1050000,1050000,,,Cap Space,2100000
386,Jon Leuer,Phoenix Suns,1035000,,,,,,Early Bird Rights,1035000
387,James Anderson,Sacramento Kings,1015421,1139123,,,,,Minimum Salary,1015421
388,Joey Dorsey,Denver Nuggets,1015421,,,,,,,1015421
389,E'Twaun Moore,Chicago Bulls,1015421,,,,,,Minimum Salary,1015421
390,Donald Sloan,Brooklyn Nets,1015421,,,,,,Minimum Salary,1015421
391,Raul Neto,Utah Jazz,1000000,1000000,1000000,,,,,2000000
392,Robert Covington,Philadelphia 76ers,1000000,1015696,1087745,,,,,2015696
393,Joseph Young,Indiana Pacers,1000000,1050000,1100000,1150000,,,Cap Space,2050000
394,Rakeem Christmas,Indiana Pacers,1000000,1100000,1100000,1100000,,,,2100000
395,Montrezl Harrell,Houston Rockets,1000000,1000000,1100000,,,,,3100000
396,Walter Tavares,Atlanta Hawks,1000000,1000000,1000000,,,,,2000000
397,Chris Johnson,Utah Jazz,981348,1050961,,,,,Minimum Salary,981348
398,Quincy Acy,Sacramento Kings,981348,1050961,,,,,Minimum Salary,981348
399,Jared Cunningham,Orlando Magic,981348,,,,,,,981348
400,Hassan Whiteside,Miami Heat,981348,,,,,,Minimum Salary,981348
,,,Salary,Salary,Salary,Salary,Salary,Salary,,
Rk,Player,Tm,2015-16,2016-17,2017-18,2018-19,2019-20,2020-21,Signed Using,Guaranteed
401,Robert Sacre,Los Angeles Lakers,981348,,,,,,Non Bird Rights,981348
402,Pablo Prigioni,Los Angeles Clippers,981348,,,,,,Minimum Salary,981348
403,Thomas Robinson,Brooklyn Nets,981300,1050960,,,,,Minimum Salary,2032260
404,John Jenkins,Phoenix Suns,981000,1051000,1179000,,,,Minimum Salary,981000
405,Justin Holiday,Chicago Bulls,947300,1015700,,,,,Minimum Salary,1963000
406,Dewayne Dedmon,Orlando Magic,947278,,,,,,Minimum Salary,947278
407,Grant Jerrett,Utah Jazz,947276,,,,,,,947276
408,Jeff Withey,Utah Jazz,947276,1015696,,,,,Minimum Salary,947276
409,Anthony Bennett,Toronto Raptors,947276,,,,,,,947276
410,Ray McCallum,San Antonio Spurs,947276,,,,,,,947276
411,Seth Curry,Sacramento Kings,947276,1015696,,,,,Minimum Salary,947276
412,Allen Crabbe,Portland Trail Blazers,947276,,,,,,Cap Space,947276
413,Isaiah Canaan,Philadelphia 76ers,947276,,,,,,Cap Space,947276
414,Hollis Thompson,Philadelphia 76ers,947276,1015696,,,,,Cap Space,947276
415,Ian Clark,GolDenver Nuggets State Warriors,947276,,,,,,Minimum Salary,947276
416,Troy Daniels,Charlotte Hornets,947276,,,,,,Minimum Salary,947276
417,Willie Reed,Brooklyn Nets,947276,,,,,,Minimum Salary,947276
418,Mike Muscala,Atlanta Hawks,947276,,,,,,Minimum Salary,947276
419,Wayne Ellington,Sacramento Kings,923670,923670,,,,,,3347560
420,Elton Brand,Philadelphia 76ers,890693,,,,,,Minimum Salary,890693
,,,Salary,Salary,Salary,Salary,Salary,Salary,,
Rk,Player,Tm,2015-16,2016-17,2017-18,2018-19,2019-20,2020-21,Signed Using,Guaranteed
421,Damien Inglis,Milwaukee Bucks,855000,980431,,,,,Cap Space,855000
422,Eric Moreland,Sacramento Kings,845059,,,,,,Minimum Salary,845059
423,Tim Frazier,Portland Trail Blazers,845059,,,,,,,845059
424,JaKarr Sampson,Philadelphia 76ers,845059,,,,,,,1130548
425,Jerami Grant,Philadelphia 76ers,845059,980431,1051245,,,,Draft Pick,845059
426,Joe Harris,Orlando Magic,845059,,,,,,,845059
427,Devyn Marble,Orlando Magic,845059,980431,,,,,Cap Space,845059
428,Cleanthony Early,New York Knicks,845059,,,,,,Minimum Salary,845059
429,Langston Galloway,New York Knicks,845059,,,,,,Minimum Salary,845059
430,Jarnell Stokes,New Orleans Pelicans,845059,980431,,,,,,845059
431,Johnny O'Bryant,Milwaukee Bucks,845059,980431,,,,,Cap Space,845059
432,Tyler Johnson,Miami Heat,845059,,,,,,Minimum Salary,845059
433,James Ennis,Memphis Grizzlies,845059,980431,,,,,,894768
434,Russ Smith,Memphis Grizzlies,816482,816482,,,,,,845059
435,JaMychal Green,Memphis Grizzlies,845059,980431,,,,,Minimum Salary,1825490
436,Jordan Clarkson,Los Angeles Lakers,845059,,,,,,Minimum Salary,845059
437,Tarik Black,Los Angeles Lakers,845059,,,,,,Minimum Salary,845059
438,Shayne Whittington,Indiana Pacers,845059,980431,,,,,Minimum Salary,845059
439,James Michael McAdoo,GolDenver Nuggets State Warriors,845059,,,,,,Minimum Salary,845059
440,Spencer Dinwiddie,Detroit Pistons,845059,980431,,,,,Cap Space,845059
,,,Salary,Salary,Salary,Salary,Salary,Salary,,
Rk,Player,Tm,2015-16,2016-17,2017-18,2018-19,2019-20,2020-21,Signed Using,Guaranteed
441,Nick Johnson,Denver Nuggets,845059,980431,,,,,,1825490
442,Dwight Powell,Dallas Mavericks,845059,,,,,,Minimum Salary,845059
443,Cameron Bairstow,Chicago Bulls,845059,980431,,,,,Cap Space,845059
444,Markel Brown,Brooklyn Nets,845059,,,,,,Minimum Salary,845059
445,Glenn Robinson,Indiana Pacers,845000,980000,1051000,,,,,845000
446,Pierre Jackson,Philadelphia 76ers,750000,,,,,,,750000
447,Anthony Brown,Los Angeles Lakers,700000,850000,1000000,,,,Cap Space,1550000
448,Norman Powell,Toronto Raptors,650000,874636,1014746,,,,Cap Space,1524636
449,Carlos Delfino,Los Angeles Clippers,650000,650000,650000,650000,,,,2600000
450,Toney Douglas,Indiana Pacers,600000,,,,,,,600000
451,Jarell Eddie,Washington Wizards,561716,980431,,,,,Minimum Salary,561716
452,Maurice Ndour,Dallas Mavericks,525094,437318,,,,,,962412
453,Jonathon Simmons,San Antonio Spurs,525093,874636,,,,,Minimum Salary,525093
454,Duje Dukan,Sacramento Kings,525093,874636,,,,,Minimum Salary,525093
455,Pat Connaughton,Portland Trail Blazers,525093,874636,1014746,,,,,1399729
456,Luis Montero,Portland Trail Blazers,525093,874636,1014746,,,,,1399729
457,Cliff Alexander,Portland Trail Blazers,525093,874636,,,,,Minimum Salary,525093
458,T.J. McConnell,Philadelphia 76ers,525093,874636,,,,,Minimum Salary,525093
459,Josh Richardson,Miami Heat,525093,874636,1014746,,,,Minimum Salary,525093
460,Marcelo Huertas,Los Angeles Lakers,525093,,,,,,Minimum Salary,525093
,,,Salary,Salary,Salary,Salary,Salary,Salary,,
Rk,Player,Tm,2015-16,2016-17,2017-18,2018-19,2019-20,2020-21,Signed Using,Guaranteed
461,Branden Dawson,Los Angeles Clippers,525093,874636,,,,,Minimum Salary,525093
462,Darrun Hilliard,Detroit Pistons,525093,874060,1014750,,,,Cap space,1399153
463,Salah Mejri,Dallas Mavericks,525093,874636,1014746,,,,Minimum Salary,525093
464,Aaron Harrison,Charlotte Hornets,525093,874636,,,,,Minimum Salary,525093
465,Lamar Patterson,Atlanta Hawks,525093,874636,,,,,Minimum Salary,525093
466,Cristiano Felicio,Chicago Bulls,525090,874636,,,,,Minimum Salary,525090
467,Jimmer Fredette,San Antonio Spurs,507711,,,,,,,622254
468,Anderson Varejao,GolDenver Nuggets State Warriors,458575,,,,,,Minimum Salary,458575
469,Aaron Gray,Detroit Pistons,452059,452059,452059,,,,,1356177
470,Steve Novak,Milwaukee Bucks,416886,,,,,,Minimum Salary,416886
471,Joe Johnson,Miami Heat,414481,,,,,,Minimum Salary,414481
472,Andre Miller,San Antonio Spurs,396844,,,,,,Minimum Salary,396844
473,Kris Humphries,Atlanta Hawks,388025,,,,,,Minimum Salary,388025
474,Cory Jefferson,Phoenix Suns,370000,,,,,,,421449
475,J.J. Hickson,Washington Wizards,366337,,,,,,Minimum Salary,366337
476,Elijah Millsap,Utah Jazz,362878,,,,,,,362878
477,Nazr Mohammed,Oklahoma City Thunder,352750,,,,,,Minimum Salary,352750
478,Kostas Papanikolaou,Denver Nuggets,350000,,,,,,,350000
479,Ryan Hollins,Memphis Grizzlies,336716,,,,,,,336716
480,Jason Thompson,Toronto Raptors,328955,,,,,,Minimum Salary,328955
,,,Salary,Salary,Salary,Salary,Salary,Salary,,
Rk,Player,Tm,2015-16,2016-17,2017-18,2018-19,2019-20,2020-21,Signed Using,Guaranteed
481,Kevin Martin,San Antonio Spurs,317475,,,,,,Minimum Salary,317475
482,Gal Mekel,Dallas Mavericks,315760,315760,315760,,,,,947280
483,Michael Beasley,Houston Rockets,306527,1403611,,,,,Minimum Salary,306527
484,Miroslav Raduljica,Los Angeles Clippers,300000,300000,300000,300000,,,,1200000
485,JaKarr Sampson,Denver Nuggets,285489,980431,,,,,Minimum Salary,285489
486,Ty Lawson,Indiana Pacers,265058,,,,,,Minimum Salary,265058
487,Chase Budinger,Phoenix Suns,258082,,,,,,Minimum Salary,258082
488,Marcus Thornton,Washington Wizards,251107,,,,,,Minimum Salary,251107
489,Bryce Cotton,Phoenix Suns,228663,,,,,,,228663
490,Christian Wood,Philadelphia 76ers,222392,,,,,,,305789
491,Andrew Goudelock,Houston Rockets,200600,1015696,,,,,Minimum Salary,200600
492,Jorge Gutierrez,Charlotte Hornets,190000,,,,,,Minimum Salary,190000
493,Jeff Ayres,Los Angeles Clippers,187750,,,,,,Minimum Salary,187750
494,Ryan Hollins,Washington Wizards,176375,,,,,,,176375
495,Phil Pressey,Philadelphia 76ers,172739,,,,,,,172739
496,Bryce Dejean-Jones,New Orleans Pelicans,169883,874636,1014746,,,,MLE,169883
497,Tony Wroten,New York Knicks,167406,1050961,,,,,Minimum Salary,167406
498,Ryan Hollins,Memphis Grizzlies,160340,,,,,,,160340
499,Jordan McRae,Cleveland Cavaliers,142084,874636,,,,,Minimum Salary,142084
500,Jeff Ayres,Los Angeles Clippers,129482,,,,,,,317232
,,,Salary,Salary,Salary,Salary,Salary,Salary,,
Rk,Player,Tm,2015-16,2016-17,2017-18,2018-19,2019-20,2020-21,Signed Using,Guaranteed
501,Greg Smith,Minnesota Timberwolves,128161,,,,,,Minimum Salary,128161
502,Greg Smith,Minnesota Timberwolves,119462,,,,,,,119462
503,Jordan Farmar,Memphis Grizzlies,111683,,,,,,Minimum Salary,111683
504,Henry Sims,Brooklyn Nets,111452,,,,,,,111452
505,Phil Pressey,Phoenix Suns,111444,,,,,,,111444
506,Lorenzo Brown,Phoenix Suns,111444,,,,,,,111444
507,Ray McCallum,Memphis Grizzlies,111444,,,,,,,111444
508,Lorenzo Brown,Detroit Pistons,111444,,,,,,,111444
509,Jorge Gutierrez,Charlotte Hornets,111444,,,,,,,111444
510,Jordan Sibert,Orlando Magic,100000,,,,,,,100000
511,Keith Appling,Orlando Magic,100000,,,,,,,100000
512,Jonathan Holmes,Los Angeles Lakers,100000,,,,,,,100000
513,Erick Green,Denver Nuggets,100000,,,,,,,100000
514,Erick Green,Utah Jazz,99418,,,,,,10-Day Contract,99418
515,Justin Harper,Detroit Pistons,99418,,,,,,,99418
516,Sean Kilpatrick,Denver Nuggets,99418,,,,,,,198836
517,Sean Kilpatrick,Brooklyn Nets,99418,,,,,,10-Day Contract,99418
518,Ryan Hollins,Memphis Grizzlies,96000,,,,,,,96000
519,Tim Frazier,New Orleans Pelicans,94448,,,,,,Minimum Salary,94448
520,Chuck Hayes,Houston Rockets,83583,,,,,,,83583
,,,Salary,Salary,Salary,Salary,Salary,Salary,,
Rk,Player,Tm,2015-16,2016-17,2017-18,2018-19,2019-20,2020-21,Signed Using,Guaranteed
521,Alan Williams,Phoenix Suns,83397,,,,,,Minimum Salary,83397
522,Elliot Williams,Charlotte Hornets,80000,,,,,,,80000
523,Jordan Farmar,Memphis Grizzlies,79773,,,,,,,79773
524,J.J. O'Brien,Utah Jazz,75000,,,,,,,75000
525,Treveon Graham,Utah Jazz,75000,,,,,,,75000
526,Ronald Roberts,Toronto Raptors,75000,,,,,,,75000
527,Thanasis Antetokounmpo,New York Knicks,75000,,,,,,,105888
528,Darion Atkins,New York Knicks,75000,,,,,,,75000
529,Wesley Saunders,New York Knicks,75000,,,,,,,75000
530,Ryan Boatright,Brooklyn Nets,75000,,,,,,,75000
531,Terran Petteway,Atlanta Hawks,75000,,,,,,,75000
532,Jordan McRae,Phoenix Suns,61776,,,,,,,234748
533,Christian Wood,Philadelphia 76ers,61776,,,,,,,61776
534,Keith Appling,Orlando Magic,61776,,,,,,,61776
535,Bryce Dejean-Jones,New Orleans Pelicans,61776,,,,,,,61776
536,Xavier Munford,Memphis Grizzlies,61776,,,,,,,61776
537,Alex Stepheson,Los Angeles Clippers,61776,,,,,,,61776
538,Axel Toupane,Denver Nuggets,61776,,,,,,,61776
539,Axel Toupane,Denver Nuggets,61776,874636,,,,,Minimum Salary,61776
540,Coty Clarke,Boston Celtics,61776,,,,,,,61776
,,,Salary,Salary,Salary,Salary,Salary,Salary,,
Rk,Player,Tm,2015-16,2016-17,2017-18,2018-19,2019-20,2020-21,Signed Using,Guaranteed
541,Adonis Thomas,Detroit Pistons,60000,,,,,,,60000
542,Jimmer Fredette,New York Knicks,59731,,,,,,,59731
543,Jordan Hamilton,New Orleans Pelicans,59731,,,,,,,59731
544,Jordan Hamilton,New Orleans Pelicans,59731,,,,,,Minimum Salary,59731
545,Jared Cunningham,Milwaukee Bucks,57726,,,,,,,57726
546,Orlando Johnson,Phoenix Suns,55722,,,,,,,55722
547,Orlando Johnson,New Orleans Pelicans,55722,,,,,,,55722
548,Elliot Williams,Memphis Grizzlies,55722,,,,,,,55722
549,Jimmer Fredette,New Orleans Pelicans,54812,,,,,,,54812
550,Cory Jefferson,Phoenix Suns,51449,,,,,,,51449
551,Henry Sims,Brooklyn Nets,50170,,,,,,Minimum Salary,50170
552,E.J. Singler,Utah Jazz,50000,,,,,,,50000
553,Travis Trice,New York Knicks,50000,,,,,,,50000
554,Bryce Dejean-Jones,New Orleans Pelicans,50000,,,,,,,281659
555,Michael Frazier,Los Angeles Lakers,50000,,,,,,,50000
556,Brandon Ashley,Dallas Mavericks,50000,,,,,,,50000
557,Jamil Wilson,Dallas Mavericks,50000,,,,,,,50000
558,Quincy Miller,Brooklyn Nets,50000,,,,,,,50000
559,Tim Frazier,New Orleans Pelicans,49709,,,,,,,49709
560,James Ennis,New Orleans Pelicans,49709,,,,,,10-Day Contract,49709
,,,Salary,Salary,Salary,Salary,Salary,Salary,,
Rk,Player,Tm,2015-16,2016-17,2017-18,2018-19,2019-20,2020-21,Signed Using,Guaranteed
561,Bryce Cotton,Memphis Grizzlies,49709,,,,,,10-Day Contract,49709
562,Nate Robinson,New Orleans Pelicans,44000,,,,,,,
563,Marshall Henderson,Sacramento Kings,35000,,,,,,,35000
564,Vince Hunter,Sacramento Kings,35000,,,,,,,35000
565,Robert Upshaw,Los Angeles Lakers,35000,,,,,,,35000
566,J.J. O'Brien,Utah Jazz,30888,,,,,,,30888
567,Alan Williams,Phoenix Suns,30888,,,,,,,30888
568,Thanasis Antetokounmpo,New York Knicks,30888,,,,,,,30888
569,Alex Stepheson,Memphis Grizzlies,30888,,,,,,,30888
570,Briante Weber,Memphis Grizzlies,30888,,,,,,,43243
571,Jordan McRae,Cleveland Cavaliers,30888,,,,,,,30888
572,Xavier Munford,Memphis Grizzlies,27812,874636,,,,,Minimum Salary,21621
573,Shannon Scott,Toronto Raptors,25000,,,,,,,25000
574,Axel Toupane,Toronto Raptors,25000,,,,,,,148552
575,Michale Kyser,Toronto Raptors,25000,,,,,,,25000
576,Malcolm Miller,Boston Celtics,25000,,,,,,,25000
577,Levi Randolph,Boston Celtics,25000,,,,,,,25000
578,Corey Walden,Boston Celtics,25000,,,,,,,25000
579,Christian Wood,Philadelphia 76ers,21621,,,,,,Minimum Salary,21621
580,Dorell Wright,Miami Heat,17637,,,,,,Minimum Salary,17637
,,,Salary,Salary,Salary,Salary,Salary,Salary,,
Rk,Player,Tm,2015-16,2016-17,2017-18,2018-19,2019-20,2020-21,Signed Using,Guaranteed
581,Briante Weber,Miami Heat,12355,874636,1014746,,,,Minimum Salary,12355
582,Jarrid Famous,Dallas Mavericks,10000,,,,,,,10000
583,John Holland,Boston Celtics,9266,874636,,,,,Minimum Salary,9266
584,Dahntay Jones,Cleveland Cavaliers,8819,,,,,,Minimum Salary,8819
585,Lorenzo Brown,Detroit Pistons,5572,1015696,,,,,Minimum Salary,5572